{
  "AWSTemplateFormatVersion": "2010-09-09",
  "Description": "The AWS CloudFormation template for this Serverless application",
  "Resources": {
    "ServerlessDeploymentBucket": {
      "Type": "AWS::S3::Bucket",
      "Properties": {
        "BucketEncryption": {
          "ServerSideEncryptionConfiguration": [
            {
              "ServerSideEncryptionByDefault": {
                "SSEAlgorithm": "AES256"
              }
            }
          ]
        }
      }
    },
    "ServerlessDeploymentBucketPolicy": {
      "Type": "AWS::S3::BucketPolicy",
      "Properties": {
        "Bucket": {
          "Ref": "ServerlessDeploymentBucket"
        },
        "PolicyDocument": {
          "Statement": [
            {
              "Action": "s3:*",
              "Effect": "Deny",
              "Principal": "*",
              "Resource": [
                {
                  "Fn::Join": [
                    "",
                    [
                      "arn:aws:s3:::",
                      {
                        "Ref": "ServerlessDeploymentBucket"
                      },
                      "/*"
                    ]
                  ]
                }
              ],
              "Condition": {
                "Bool": {
                  "aws:SecureTransport": false
                }
              }
            }
          ]
        }
      }
    },
    "HelloLogGroup": {
      "Type": "AWS::Logs::LogGroup",
      "Properties": {
        "LogGroupName": "/aws/lambda/aws-lambda-ssm-sls-dev-hello"
      }
    },
    "HelloLambdaFunction": {
      "Type": "AWS::Lambda::Function",
      "Properties": {
        "Code": {
          "S3Bucket": {
            "Ref": "ServerlessDeploymentBucket"
          },
          "S3Key": "serverless/aws-lambda-ssm-sls/dev/1573657882220-2019-11-13T15:11:22.220Z/aws-lambda-ssm-sls.zip"
        },
        "FunctionName": "aws-lambda-ssm-sls-dev-hello",
        "Handler": "handler.lambda_handler",
        "MemorySize": 1024,
        "Role": "arn:aws:iam::538510008501:role/MFLambdaRole",
        "Runtime": "python3.6",
        "Timeout": 6,
        "TracingConfig": {
          "Mode": "Active"
        },
        "Environment": {
          "Variables": {
            "ENVIRONMENT": "dev",
            "DB_PARAMETERS_PATH": "databaseParameters"
          }
        }
      },
      "DependsOn": [
        "HelloLogGroup"
      ]
    },
    "HelloLambdaVersion7AagIG40jtUCLEsXSg7IPgBJTJIjFjbs984plhHidZ8": {
      "Type": "AWS::Lambda::Version",
      "DeletionPolicy": "Retain",
      "Properties": {
        "FunctionName": {
          "Ref": "HelloLambdaFunction"
        },
        "CodeSha256": "shG23JQsLqCtkKANSkGBzVA6RhAiaCetASFvZtbhoCI="
      }
    }
  },
  "Outputs": {
    "ServerlessDeploymentBucketName": {
      "Value": {
        "Ref": "ServerlessDeploymentBucket"
      }
    },
    "HelloLambdaFunctionQualifiedArn": {
      "Description": "Current Lambda function version",
      "Value": {
        "Ref": "HelloLambdaVersion7AagIG40jtUCLEsXSg7IPgBJTJIjFjbs984plhHidZ8"
      }
    }
  }
}